AtomNum,X,Y,Z,Radius
1,2.854,3.918,23.271,1.55
2,3.775,5.091,23.335,1.7
3,5.271,4.635,23.241,1.7
4,5.359,3.194,23.193,1.52
5,6.066,5.151,24.434,1.7
6,3.441,6.111,22.223,1.7
7,4.067,6.106,21.154,1.52
8,2.473,6.989,22.506,1.55
9,1.922,7.918,21.522,1.7
10,0.548,7.434,21.073,1.7
11,0.439,6.257,20.113,1.7
12,-0.912,5.568,20.37,1.7
13,0.582,6.734,18.654,1.7
14,1.742,9.346,22.042,1.7
15,1.496,9.572,23.222,1.52
16,1.804,10.306,21.128,1.55
17,1.684,11.707,21.478,1.7
18,3.09,12.362,21.604,1.7
19,3.952,11.623,22.613,1.7
20,3.775,12.379,20.286,1.7
21,0.894,12.451,20.417,1.7
22,0.805,12.03,19.261,1.52
23,0.322,13.57,20.824,1.55
24,-0.302,14.513,19.922,1.7
25,-1.722,14.711,20.364,1.7
26,-2.664,15.573,19.468,1.7
27,-4.145,15.34,19.929,1.7
28,-4.161,14.55,21.181,1.55
29,-4.065,13.213,21.248,1.7
30,-4.008,12.488,20.138,1.55
31,-4.031,12.586,22.424,1.55
32,0.487,15.816,20.041,1.7
33,0.518,16.462,21.103,1.52
34,1.168,16.191,18.967,1.55
35,1.865,17.47,19.018,1.7
36,2.457,17.612,17.622,1.7
37,1.783,16.565,16.8,1.7
38,1.458,15.461,17.731,1.7
39,0.9,18.583,19.251,1.7
40,-0.187,18.54,18.72,1.52
41,1.286,19.56,20.054,1.55
42,0.52,20.773,20.13,1.7
43,0.938,21.598,21.321,1.7
44,0.434,20.999,22.577,1.7
45,0.661,21.887,23.757,1.7
46,2.077,21.866,24.233,1.7
47,2.116,22.146,25.734,1.55
48,0.602,21.551,18.819,1.7
49,1.55,21.392,18.043,1.52
50,-0.416,22.374,18.549,1.55
51,-0.612,22.801,17.17,1.7
52,-1.702,23.875,17.29,1.7
53,-2.504,23.454,18.515,1.7
54,-1.472,22.897,19.45,1.7
55,0.639,23.318,16.477,1.7
56,0.832,23.033,15.299,1.52
57,1.494,24.042,17.192,1.55
58,2.62,24.702,16.537,1.7
59,3.203,25.82,17.417,1.7
60,2.416,27.117,17.303,1.7
61,2.071,27.445,15.839,1.7
62,2.779,26.957,14.929,1.52
63,1.091,28.179,15.578,1.52
64,3.696,23.743,16.069,1.7
65,4.232,23.876,14.978,1.52
66,3.993,22.761,16.896,1.55
67,4.85,21.664,16.489,1.7
68,5.202,20.804,17.675,1.7
69,5.911,19.514,17.329,1.7
70,7.262,19.935,16.809,1.7
71,5.981,18.541,18.544,1.7
72,4.17,20.815,15.424,1.7
73,4.84,20.39,14.498,1.52
74,2.862,20.561,15.53,1.55
75,2.162,19.838,14.461,1.7
76,0.676,19.619,14.772,1.7
77,-0.127,18.768,13.752,1.7
78,0.416,17.369,13.558,1.7
79,-1.548,18.687,14.208,1.7
80,2.323,20.535,13.103,1.7
81,2.563,19.859,12.064,1.52
82,2.22,21.861,13.095,1.55
83,2.437,22.608,11.856,1.7
84,2.095,24.1,11.989,1.7
85,0.627,24.361,12.495,1.7
86,-0.115,25.51,11.739,1.7
87,-1.494,25.88,12.358,1.7
88,-1.456,26.739,13.626,1.55
89,3.863,22.404,11.378,1.7
90,4.095,22.098,10.203,1.52
91,4.813,22.531,12.293,1.55
92,6.216,22.262,11.952,1.7
93,7.147,22.637,13.118,1.7
94,8.437,21.89,13.485,1.7
95,9.086,21.248,12.309,1.7
96,9.422,22.842,14.197,1.7
97,6.422,20.818,11.471,1.7
98,7.125,20.611,10.486,1.52
99,5.819,19.829,12.134,1.55
100,5.947,18.441,11.694,1.7
101,5.281,17.485,12.698,1.7
102,5.834,17.29,14.13,1.7
103,5.244,16.049,14.776,1.7
104,7.352,17.249,14.158,1.7
105,5.329,18.211,10.286,1.7
106,5.86,17.442,9.478,1.52
107,4.204,18.871,10.009,1.55
108,3.575,18.783,8.693,1.7
109,2.176,19.382,8.661,1.7
110,1.125,18.55,9.331,1.7
111,-0.121,19.404,9.535,1.7
112,-1.262,18.643,10.196,1.7
113,-2.347,19.593,10.67,1.55
114,4.386,19.471,7.64,1.7
115,4.344,19.032,6.507,1.52
116,5.103,20.54,7.979,1.55
117,5.937,21.223,6.969,1.7
118,6.519,22.556,7.486,1.7
119,7.171,22.418,8.74,1.52
120,7.044,20.291,6.43,1.7
121,7.512,20.468,5.32,1.52
122,7.436,19.294,7.215,1.55
123,8.325,18.218,6.737,1.7
124,9.42,17.837,7.803,1.7
125,10.563,18.827,7.74,1.7
126,8.857,17.785,9.211,1.7
127,7.547,16.968,6.256,1.7
128,8.086,15.857,6.198,1.52
129,6.28,17.163,5.908,1.55
130,5.469,16.115,5.306,1.7
131,4.997,15.003,6.23,1.7
132,4.919,13.849,5.822,1.52
133,4.67,15.336,7.47,1.55
134,3.976,14.392,8.325,1.7
135,4.142,14.76,9.805,1.7
136,2.506,14.429,7.915,1.7
137,1.951,15.513,7.646,1.52
138,1.909,13.253,7.876,1.55
139,0.511,13.079,7.467,1.7
140,0.358,11.895,6.527,1.7
141,0.465,12.206,5.061,1.7
142,0.037,11.007,4.172,1.7
143,0.912,10.001,4.049,1.52
144,-1.068,10.996,3.616,1.55
145,-0.483,12.877,8.611,1.7
146,-1.678,13.05,8.393,1.52
147,0.014,12.531,9.797,1.55
148,-0.869,12.197,10.936,1.7
149,-0.246,11.069,11.771,1.7
150,0.194,9.834,10.969,1.7
151,1.019,8.857,11.79,1.7
152,0.231,8.258,12.944,1.7
153,1.137,7.828,14.047,1.55
154,-1.176,13.41,11.832,1.7
155,-0.834,14.552,11.476,1.52
156,-1.881,13.158,12.944,1.55
157,-2.045,14.094,14.061,1.7
158,-3.458,14.701,14.105,1.7
159,-3.631,15.878,13.142,1.7
160,-3.285,15.734,11.941,1.52
161,-4.135,16.947,13.577,1.52
162,-1.778,13.396,15.393,1.7
163,-2.043,13.958,16.449,1.52
164,-1.282,12.163,15.371,1.55
165,-0.824,11.545,16.602,1.7
166,-1.956,10.918,17.38,1.7
167,-2.28,9.667,16.773,1.52
168,-3.175,11.847,17.391,1.7
169,0.243,10.499,16.318,1.7
170,0.023,9.529,15.585,1.52
171,1.388,10.704,16.949,1.55
172,2.575,10.04,16.544,1.7
173,3.586,11.064,16.033,1.7
174,3.075,12.006,14.943,1.7
175,2.085,12.954,15.202,1.7
176,3.617,11.976,13.671,1.7
177,1.63,13.819,14.209,1.7
178,3.182,12.834,12.682,1.7
179,2.189,13.759,12.948,1.7
180,1.77,14.616,11.93,1.52
181,3.135,9.292,17.724,1.7
182,2.709,9.469,18.851,1.52
183,4.044,8.393,17.42,1.55
184,5.039,7.967,18.337,1.7
185,5.684,6.69,17.79,1.7
186,5.788,6.755,16.346,1.52
187,4.883,5.457,18.212,1.7
188,6.098,9.072,18.421,1.7
189,6.21,9.884,17.513,1.52
190,6.871,9.099,19.5,1.55
191,8.017,10.01,19.627,1.7
192,8.807,9.712,20.896,1.7
193,8.338,10.48,22.084,1.7
194,8.682,12.241,21.901,1.8
195,10.44,12.305,22.209,1.7
196,8.971,9.839,18.47,1.7
197,9.414,10.811,17.854,1.52
198,9.286,8.566,18.214,1.55
199,10.146,8.13,17.116,1.7
200,10.012,6.61,16.84,1.7
201,9.968,5.67,18.109,1.7
202,8.517,5.362,18.535,1.7
203,8.325,5.161,20.028,1.7
204,6.896,5.457,20.438,1.55
205,9.778,8.904,15.873,1.7
206,10.634,9.508,15.257,1.52
207,8.505,8.874,15.519,1.55
208,8.011,9.639,14.385,1.7
209,6.527,9.351,14.134,1.7
210,6.185,8.121,13.305,1.7
211,4.723,7.784,13.465,1.7
212,4.385,7.309,14.571,1.52
213,3.919,8.036,12.527,1.52
214,8.154,11.151,14.581,1.7
215,8.331,11.866,13.63,1.52
216,8.01,11.61,15.816,1.55
217,8.18,12.999,16.129,1.7
218,7.69,13.326,17.552,1.7
219,8.319,14.652,18.077,1.7
220,6.157,13.384,17.549,1.7
221,9.639,13.349,15.92,1.7
222,9.956,14.24,15.137,1.52
223,10.522,12.602,16.561,1.55
224,11.953,12.869,16.457,1.7
225,12.772,11.9,17.287,1.7
226,12.792,12.135,18.781,1.7
227,13.1,10.828,19.533,1.7
228,13.818,13.164,19.089,1.7
229,12.407,12.808,15.033,1.7
230,13.204,13.648,14.611,1.52
231,11.907,11.827,14.285,1.55
232,12.215,11.739,12.853,1.7
233,11.512,10.563,12.2,1.7
234,11.812,10.43,10.735,1.7
235,13.029,9.915,10.315,1.7
236,10.912,10.84,9.792,1.7
237,13.31,9.792,8.99,1.7
238,11.191,10.71,8.455,1.7
239,12.396,10.18,8.057,1.7
240,11.853,12.97,12.032,1.7
241,12.666,13.5,11.302,1.52
242,10.623,13.401,12.081,1.55
243,10.272,14.622,11.351,1.7
244,8.767,14.808,11.377,1.7
245,8.057,13.719,10.646,1.7
246,8.201,13.576,9.275,1.7
247,7.225,12.839,11.309,1.7
248,7.53,12.53,8.568,1.7
249,6.543,11.826,10.627,1.7
250,6.705,11.683,9.258,1.7
251,6.045,10.7,8.588,1.52
252,11.002,15.892,11.869,1.7
253,11.259,16.836,11.093,1.52
254,11.347,15.901,13.155,1.55
255,12.118,16.994,13.69,1.7
256,12.237,16.907,15.201,1.7
257,10.993,17.392,15.904,1.7
258,11.096,17.152,17.358,1.7
259,10.773,18.831,15.642,1.7
260,13.484,17.102,12.998,1.7
261,13.769,18.116,12.346,1.52
262,14.283,16.043,13.09,1.55
263,15.583,15.974,12.429,1.7
264,15.499,16.295,10.959,1.7
265,16.345,16.96,10.427,1.52
266,14.434,15.852,10.306,1.55
267,14.202,16.166,8.913,1.7
268,12.94,15.436,8.44,1.7
269,13.053,13.915,8.469,1.7
270,14.107,13.412,7.526,1.7
271,15.118,12.827,7.945,1.52
272,13.907,13.677,6.245,1.55
273,13.99,17.651,8.727,1.7
274,14.449,18.249,7.74,1.52
275,13.226,18.243,9.644,1.55
276,13.009,19.691,9.65,1.7
277,12.024,20.06,10.761,1.7
278,11.794,21.536,10.895,1.7
279,10.852,22.182,10.117,1.7
280,12.563,22.3,11.79,1.7
281,10.661,23.523,10.226,1.7
282,12.389,23.641,11.904,1.7
283,11.435,24.265,11.129,1.7
284,11.253,25.632,11.263,1.52
285,14.352,20.408,9.821,1.7
286,14.684,21.291,9.056,1.52
287,15.112,19.987,10.821,1.55
288,16.433,20.544,11.12,1.7
289,17.123,19.758,12.22,1.7
290,16.384,19.924,13.556,1.7
291,18.552,20.209,12.366,1.7
292,16.941,19.061,14.713,1.7
293,17.328,20.481,9.885,1.7
294,18.006,21.457,9.541,1.52
295,17.308,19.334,9.205,1.55
296,18.066,19.151,7.976,1.7
297,17.992,17.709,7.485,1.7
298,18.778,16.773,8.306,1.7
299,20.471,17.341,8.461,1.8
300,20.911,17.694,6.756,1.7
301,17.56,20.031,6.882,1.7
302,18.335,20.709,6.223,1.52
303,16.27,20.027,6.664,1.55
304,15.732,20.766,5.527,1.7
305,14.37,20.175,5.099,1.7
306,13.466,20.261,6.184,1.52
307,14.533,18.701,4.73,1.7
308,15.635,22.283,5.735,1.7
309,15.46,23.024,4.762,1.52
310,15.724,22.749,6.973,1.55
311,15.804,24.203,7.252,1.7
312,15.042,24.585,8.523,1.7
313,13.558,24.381,8.484,1.7
314,12.782,25.657,8.274,1.7
315,12.895,26.112,6.832,1.7
316,11.804,27.059,6.448,1.55
317,17.254,24.673,7.438,1.7
318,17.478,25.855,7.691,1.52
319,18.221,23.751,7.351,1.55
320,19.641,24.075,7.518,1.7
321,20.079,25.069,6.425,1.7
322,20.722,24.407,5.233,1.7
323,20.173,24.89,3.858,1.7
324,21.121,25.685,3.054,1.55
325,22.419,25.422,2.867,1.7
326,23.011,24.345,3.398,1.55
327,23.151,26.249,2.126,1.55
328,19.943,24.629,8.905,1.7
329,20.581,25.667,9.029,1.52
330,19.501,23.925,9.947,1.55
331,19.673,24.403,11.325,1.7
332,18.445,24.068,12.185,1.7
333,17.186,24.821,11.76,1.7
334,15.989,24.448,12.623,1.7
335,17.406,26.346,11.715,1.7
336,20.921,23.864,11.98,1.7
337,21.296,24.291,13.059,1.52
338,21.582,22.934,11.325,1.55
339,22.791,22.354,11.897,1.7
340,22.932,20.892,11.496,1.7
341,23.043,20.659,10.009,1.7
342,24.269,20.352,9.422,1.7
343,21.92,20.728,9.191,1.7
344,24.383,20.121,8.055,1.7
345,22.015,20.516,7.818,1.7
346,23.253,20.209,7.246,1.7
347,23.34,19.977,5.875,1.52
348,24.002,23.154,11.466,1.7
349,23.956,23.873,10.468,1.52
350,25.082,23.078,12.232,1.55
351,26.314,23.669,11.748,1.7
352,27.075,24.378,12.852,1.7
353,28.332,25.079,12.334,1.7
354,29.37,25.05,13.045,1.52
355,28.276,25.655,11.212,1.52
356,27.168,22.571,11.156,1.7
357,27.505,21.598,11.852,1.52
358,27.519,22.728,9.877,1.55
359,28.376,21.755,9.188,1.7
360,28.422,22.047,7.676,1.7
361,29.442,23.134,7.197,1.7
362,29.049,24.588,7.537,1.7
363,29.626,25.508,6.908,1.52
364,28.182,24.811,8.421,1.52
365,29.787,21.648,9.825,1.7
366,30.435,20.598,9.746,1.52
367,30.23,22.711,10.492,1.55
368,31.536,22.739,11.164,1.7
369,32.237,24.053,10.821,1.7
370,32.682,24.09,9.363,1.7
371,33.366,25.408,8.95,1.7
372,32.415,26.379,8.223,1.7
373,31.77,27.398,9.12,1.55
374,31.548,22.479,12.703,1.7
375,32.626,22.395,13.305,1.52
376,30.365,22.36,13.315,1.55
377,30.194,21.889,14.712,1.7
378,29.204,22.786,15.474,1.7
379,29.721,24.168,15.88,1.7
380,30.294,24.178,17.285,1.7
381,30.753,23.147,17.781,1.52
382,30.26,25.343,17.941,1.55
383,29.635,20.457,14.699,1.7
384,29.835,19.661,15.646,1.52
385,28.752,20.154,13.512,1.55
386,28.596,18.746,13.172,1.7
387,29.975,18.066,13.299,1.7
388,29.948,16.583,13.557,1.7
389,29.334,15.799,12.428,1.7
390,29.396,16.357,11.197,1.52
391,28.818,14.689,12.642,1.55
392,27.509,18.086,14.033,1.7
393,26.745,17.217,13.556,1.52
394,27.238,18.434,15.292,1.55
395,25.962,18.126,15.976,1.7
396,25.946,16.739,16.68,1.7
397,27.225,16.337,17.34,1.7
398,27.577,16.761,18.606,1.55
399,28.199,15.481,16.941,1.7
400,28.738,16.219,18.938,1.7
401,29.138,15.441,17.944,1.55
402,25.455,19.244,16.915,1.7
403,24.886,18.981,17.979,1.52
404,25.627,20.491,16.496,1.55
405,24.973,21.601,17.175,1.7
406,25.929,22.709,17.618,1.7
407,27.08,22.123,18.443,1.7
408,25.177,23.761,18.444,1.7
409,26.649,21.42,19.741,1.7
410,23.914,22.126,16.23,1.7
411,24.159,22.411,15.074,1.52
412,22.712,22.174,16.744,1.55
413,21.587,22.567,15.983,1.7
414,20.346,21.718,16.358,1.7
415,19.05,22.36,15.836,1.7
416,20.54,20.288,15.833,1.7
417,21.415,23.996,16.357,1.7
418,21.237,24.285,17.527,1.52
419,21.521,24.877,15.369,1.55
420,21.271,26.278,15.564,1.7
421,22.248,27.128,14.747,1.7
422,23.619,27.065,15.377,1.7
423,23.901,27.785,16.539,1.7
424,24.606,26.226,14.876,1.7
425,25.141,27.726,17.141,1.7
426,25.853,26.169,15.481,1.7
427,26.1,26.926,16.61,1.7
428,27.308,26.851,17.23,1.52
429,19.874,26.543,15.18,1.7
430,19.583,26.631,14.027,1.52
431,18.987,26.635,16.154,1.55
432,17.576,26.826,15.852,1.7
433,16.711,25.831,16.636,1.7
434,17.176,25.687,18.348,1.8
435,17.153,28.243,16.142,1.7
436,15.978,28.59,16.104,1.52
437,18.118,29.081,16.446,1.55
438,17.817,30.478,16.644,1.7
439,19.094,31.275,16.926,1.7
440,18.862,32.197,17.978,1.52
441,17.171,30.979,15.382,1.7
442,17.495,30.514,14.269,1.52
443,16.26,31.926,15.558,1.55
444,15.588,32.56,14.446,1.7
445,16.587,33.417,13.629,1.7
446,17.701,34.028,14.487,1.7
447,17.452,34.875,15.364,1.52
448,18.943,33.621,14.208,1.55
449,14.947,31.472,13.563,1.7
450,15.278,31.339,12.393,1.52
451,14.085,30.656,14.154,1.55
452,13.32,29.646,13.414,1.7
453,14.243,28.516,12.962,1.7
454,13.507,27.408,12.221,1.7
455,13.623,27.323,10.979,1.52
456,12.804,26.62,12.886,1.52
457,12.21,29.131,14.31,1.7
458,12.333,29.208,15.511,1.52
459,11.109,28.649,13.731,1.55
460,9.974,28.129,14.525,1.7
461,8.91,27.505,13.62,1.7
462,7.854,26.574,14.255,1.7
463,7.229,27.176,15.506,1.7
464,6.75,26.239,13.242,1.7
465,10.404,27.114,15.586,1.7
466,9.871,27.099,16.704,1.52
467,11.369,26.269,15.232,1.55
468,11.83,25.214,16.141,1.7
469,12.895,24.309,15.485,1.7
470,13.521,23.236,16.379,1.7
471,12.492,22.229,16.883,1.7
472,14.657,22.536,15.672,1.7
473,12.364,25.815,17.421,1.7
474,12.048,25.32,18.489,1.52
475,13.167,26.872,17.309,1.55
476,13.741,27.535,18.48,1.7
477,12.693,28.195,19.337,1.7
478,12.749,28.147,20.555,1.52
479,11.719,28.806,18.69,1.55
480,10.549,29.333,19.386,1.7
481,9.587,30.001,18.392,1.7
482,10.286,30.966,17.441,1.7
483,11.413,31.398,17.76,1.52
484,9.717,31.295,16.368,1.52
485,9.821,28.208,20.148,1.7
486,9.34,28.428,21.251,1.52
487,9.723,27.016,19.561,1.55
488,9.088,25.874,20.243,1.7
489,8.796,24.734,19.263,1.7
490,7.706,25.078,18.259,1.7
491,7.044,23.827,17.833,1.7
492,6.685,26.046,18.834,1.7
493,9.944,25.321,21.348,1.7
494,9.434,24.971,22.415,1.52
495,11.245,25.23,21.067,1.55
496,12.208,24.682,22.01,1.7
497,13.408,24.148,21.241,1.7
498,13.222,22.759,20.698,1.7
499,12,22.087,20.796,1.7
500,14.285,22.121,20.084,1.7
501,11.862,20.797,20.298,1.7
502,14.154,20.836,19.58,1.7
503,12.932,20.173,19.693,1.7
504,12.688,25.661,23.062,1.7
505,13.247,25.237,24.091,1.52
506,12.499,26.96,22.804,1.55
507,12.898,28.029,23.755,1.7
508,14.406,28.144,23.965,1.7
509,14.88,28.398,25.06,1.52
510,15.166,27.943,22.903,1.55
511,16.593,27.892,23.014,1.7
512,17.089,26.49,23.496,1.7
513,16.648,26.206,24.916,1.7
514,16.645,25.403,22.534,1.7
515,17.169,28.247,21.638,1.7
516,16.533,28.009,20.615,1.52
517,18.358,28.864,21.616,1.55
518,18.93,29.296,20.35,1.7
519,19.837,30.462,20.765,1.7
520,20.306,30.073,22.139,1.7
521,19.232,29.19,22.757,1.7
522,19.714,28.173,19.665,1.7
523,19.921,28.199,18.431,1.52
524,20.1,27.186,20.456,1.55
525,20.823,26.053,19.942,1.7
526,22.229,26.474,19.487,1.7
527,22.97,26.975,20.58,1.52
528,20.923,24.985,21.03,1.7
529,20.633,25.252,22.202,1.52
530,21.343,23.794,20.616,1.55
531,21.49,22.658,21.5,1.7
532,20.105,22.135,21.953,1.7
533,19.226,21.636,20.829,1.7
534,19.345,20.339,20.345,1.7
535,18.28,22.457,20.259,1.7
536,18.531,19.888,19.294,1.7
537,17.496,22.021,19.223,1.7
538,17.618,20.735,18.738,1.7
539,22.309,21.58,20.774,1.7
540,22.401,21.559,19.531,1.52
541,22.946,20.707,21.53,1.55
542,23.617,19.55,20.935,1.7
543,24.735,19.054,21.862,1.7
544,25.281,17.84,21.383,1.52
545,22.609,18.397,20.688,1.7
546,21.767,18.115,21.509,1.52
547,22.731,17.702,19.572,1.55
548,21.94,16.504,19.391,1.7
549,22.031,15.943,18,1.7
550,21.851,17.05,16.992,1.7
551,23.343,15.209,17.837,1.7
552,22.372,15.397,20.343,1.7
553,21.685,14.389,20.429,1.52
554,23.508,15.575,21.024,1.55
555,23.957,14.672,22.096,1.7
556,25.439,14.903,22.446,1.7
557,26.392,14.636,21.307,1.7
558,27.849,14.662,21.785,1.7
559,28.206,13.466,22.689,1.7
560,29.698,13.341,22.832,1.55
561,23.225,14.843,23.394,1.7
562,23.404,14.011,24.28,1.52
563,22.476,15.934,23.569,1.55
564,21.743,16.122,24.817,1.7
565,21.646,17.594,25.207,1.7
566,22.985,18.321,25.273,1.7
567,22.816,19.834,25.152,1.7
568,22.38,20.345,24.088,1.52
569,23.109,20.511,26.147,1.52
570,20.352,15.527,24.687,1.7
571,19.382,16.225,24.362,1.52
572,20.25,14.24,24.977,1.55
573,19.016,13.493,24.67,1.7
574,19.283,12.003,24.777,1.7
575,20.201,11.481,23.729,1.7
576,21.465,11.019,24.012,1.55
577,20.025,11.289,22.399,1.7
578,22.04,10.581,22.901,1.7
579,21.187,10.735,21.904,1.55
580,17.841,13.914,25.559,1.7
581,16.721,14.043,25.093,1.52
582,18.143,14.174,26.82,1.55
583,17.152,14.56,27.795,1.7
584,17.73,14.442,29.183,1.7
585,18.46,13.143,29.398,1.7
586,18.632,12.711,30.861,1.7
587,20.038,12.372,31.057,1.55
588,20.839,12.866,32.005,1.7
589,20.381,13.709,32.918,1.55
590,22.117,12.499,32.049,1.55
591,16.684,15.985,27.571,1.7
592,15.486,16.294,27.652,1.52
593,17.636,16.861,27.278,1.55
594,17.311,18.265,27.014,1.7
595,18.586,19.03,26.651,1.7
596,18.424,20.525,26.411,1.7
597,19.833,21.233,26.4,1.7
598,19.777,22.709,25.935,1.7
599,18.938,23.645,26.797,1.55
600,16.278,18.292,25.889,1.7
601,15.223,18.875,26.013,1.52
602,16.588,17.599,24.813,1.55
603,15.736,17.566,23.663,1.7
604,16.374,16.798,22.573,1.7
605,17.484,17.649,21.943,1.7
606,15.273,16.388,21.548,1.7
607,18.634,16.855,21.345,1.7
608,14.402,16.903,23.95,1.7
609,13.357,17.381,23.497,1.52
610,14.432,15.804,24.698,1.55
611,13.218,15.127,25.079,1.7
612,13.505,13.837,25.878,1.7
613,13.427,12.614,25.003,1.7
614,12.598,11.542,25.339,1.7
615,14.126,12.544,23.795,1.7
616,12.494,10.428,24.529,1.7
617,14.031,11.427,22.979,1.7
618,13.192,10.363,23.356,1.7
619,13.068,9.219,22.561,1.52
620,12.361,16.065,25.859,1.7
621,11.178,16.185,25.57,1.52
622,12.94,16.732,26.84,1.55
623,12.211,17.735,27.588,1.7
624,13.132,18.527,28.578,1.7
625,13.44,17.721,29.729,1.52
626,12.42,19.841,29.042,1.7
627,11.551,18.764,26.66,1.7
628,10.387,19.122,26.835,1.52
629,12.314,19.251,25.684,1.55
630,11.883,20.419,24.909,1.7
631,13.02,21.011,24.08,1.7
632,14.159,21.65,24.913,1.7
633,15.448,22.45,23.874,1.8
634,16.669,21.183,23.513,1.7
635,10.751,19.963,24.031,1.7
636,9.73,20.642,23.933,1.52
637,10.922,18.788,23.43,1.55
638,9.837,18.146,22.65,1.7
639,10.289,16.762,22.083,1.7
640,11.295,16.977,20.937,1.7
641,9.085,15.989,21.62,1.7
642,12.094,15.814,20.581,1.7
643,8.543,17.947,23.473,1.7
644,7.475,18.312,23.044,1.52
645,8.656,17.427,24.683,1.55
646,7.464,17.143,25.46,1.7
647,7.763,16.277,26.669,1.7
648,7.854,14.817,26.308,1.7
649,6.734,14.133,25.846,1.7
650,9.038,14.126,26.432,1.7
651,6.789,12.805,25.523,1.7
652,9.108,12.794,26.128,1.7
653,7.976,12.128,25.662,1.7
654,8.043,10.784,25.341,1.52
655,6.727,18.362,25.896,1.7
656,5.556,18.267,26.226,1.52
657,7.381,19.515,25.894,1.55
658,6.654,20.742,26.192,1.7
659,7.579,21.961,26.374,1.7
660,8.537,21.868,27.555,1.7
661,8.917,23.251,28.146,1.7
662,10.354,23.337,28.445,1.55
663,11.295,23.699,27.565,1.7
664,10.991,24.03,26.316,1.55
665,12.564,23.733,27.941,1.55
666,5.649,21.009,25.082,1.7
667,4.65,21.666,25.314,1.52
668,5.908,20.48,23.898,1.55
669,5.102,20.749,22.727,1.7
670,6.061,21.102,21.6,1.7
671,6.869,22.324,21.921,1.7
672,6.441,23.436,21.634,1.52
673,8.018,22.14,22.576,1.55
674,4.18,19.583,22.319,1.7
675,3.726,19.484,21.174,1.52
676,3.9,18.726,23.295,1.55
677,3.245,17.459,23.091,1.7
678,4.263,16.338,23.305,1.7
679,5.334,16.046,22.269,1.7
680,6.173,14.883,22.765,1.7
681,4.73,15.736,20.902,1.7
682,2.121,17.263,24.116,1.7
683,2.056,17.959,25.122,1.52
684,1.254,16.286,23.845,1.55
685,0.274,15.773,24.812,1.7
686,-1.136,16.424,24.579,1.7
687,-2.146,15.943,25.615,1.7
688,-1.035,17.948,24.575,1.7
689,0.179,14.251,24.636,1.7
690,-0.322,13.788,23.613,1.52
691,0.644,13.474,25.621,1.55
692,0.588,11.997,25.538,1.7
693,1.33,11.279,26.696,1.7
694,1.446,9.777,26.387,1.7
695,2.732,11.885,26.933,1.7
696,-0.837,11.465,25.536,1.7
697,-1.531,11.571,26.533,1.52
698,-1.27,10.887,24.417,1.55
699,-2.604,10.323,24.214,1.7
700,-2.862,9.71,22.842,1.7
701,-1.798,10.027,21.787,1.7
702,-3.126,8.21,22.87,1.7
703,-2.922,9.365,25.385,1.7
704,-2.189,8.456,25.773,1.52
